         0 ,    0.00000E+00 ,    0.00000E+00 ,    0.00000E+00 , 
         0 ,    0.50000E-01 ,    0.15723E-01 ,    0.31222E-02 , 
         0 ,    0.10000E+00 ,    0.31431E-01 ,    0.53203E-02 , 
         0 ,    0.15000E+00 ,    0.47107E-01 ,    0.78861E-02 , 
         0 ,    0.20000E+00 ,    0.62737E-01 ,    0.10821E-01 , 
         0 ,    0.25000E+00 ,    0.78305E-01 ,    0.14124E-01 , 
         0 ,    0.30000E+00 ,    0.93795E-01 ,    0.17791E-01 , 
         0 ,    0.35000E+00 ,    0.10919E+00 ,    0.21811E-01 , 
         0 ,    0.40000E+00 ,    0.12448E+00 ,    0.26080E-01 , 
         0 ,    0.45000E+00 ,    0.13965E+00 ,    0.29932E-01 , 
         0 ,    0.50000E+00 ,    0.15468E+00 ,    0.33143E-01 , 
         0 ,    0.55000E+00 ,    0.16955E+00 ,    0.36109E-01 , 
         0 ,    0.60000E+00 ,    0.18426E+00 ,    0.38978E-01 , 
         0 ,    0.65000E+00 ,    0.19879E+00 ,    0.41794E-01 , 
         0 ,    0.70000E+00 ,    0.21311E+00 ,    0.44346E-01 , 
         0 ,    0.75000E+00 ,    0.22723E+00 ,    0.46874E-01 , 
         0 ,    0.80000E+00 ,    0.24113E+00 ,    0.49186E-01 , 
         0 ,    0.85000E+00 ,    0.25478E+00 ,    0.51281E-01 , 
         0 ,    0.90000E+00 ,    0.26818E+00 ,    0.53355E-01 , 
         0 ,    0.95000E+00 ,    0.28132E+00 ,    0.55361E-01 , 
         0 ,    0.10000E+01 ,    0.29418E+00 ,    0.57205E-01 , 
         0 ,    0.10500E+01 ,    0.30675E+00 ,    0.58963E-01 , 
         0 ,    0.11000E+01 ,    0.31901E+00 ,    0.60700E-01 , 
         0 ,    0.11500E+01 ,    0.33096E+00 ,    0.62383E-01 , 
         0 ,    0.12000E+01 ,    0.34258E+00 ,    0.63931E-01 , 
         0 ,    0.12500E+01 ,    0.35387E+00 ,    0.65432E-01 , 
         0 ,    0.13000E+01 ,    0.36480E+00 ,    0.66848E-01 , 
         0 ,    0.13500E+01 ,    0.37537E+00 ,    0.68215E-01 , 
         0 ,    0.14000E+01 ,    0.38557E+00 ,    0.69518E-01 , 
         0 ,    0.14500E+01 ,    0.39539E+00 ,    0.70767E-01 , 
         0 ,    0.15000E+01 ,    0.40482E+00 ,    0.71907E-01 , 
         0 ,    0.15500E+01 ,    0.41385E+00 ,    0.72998E-01 , 
         0 ,    0.16000E+01 ,    0.42247E+00 ,    0.74048E-01 , 
         0 ,    0.16500E+01 ,    0.43067E+00 ,    0.75031E-01 , 
         0 ,    0.17000E+01 ,    0.43844E+00 ,    0.75983E-01 , 
         0 ,    0.17500E+01 ,    0.44579E+00 ,    0.76895E-01 , 
         0 ,    0.18000E+01 ,    0.45269E+00 ,    0.77762E-01 , 
         0 ,    0.18500E+01 ,    0.45914E+00 ,    0.78581E-01 , 
         0 ,    0.19000E+01 ,    0.46514E+00 ,    0.79352E-01 , 
         0 ,    0.19500E+01 ,    0.47067E+00 ,    0.80086E-01 , 
         0 ,    0.20000E+01 ,    0.47575E+00 ,    0.80791E-01 , 
         0 ,    0.20500E+01 ,    0.48035E+00 ,    0.81461E-01 , 
         0 ,    0.21000E+01 ,    0.48448E+00 ,    0.82095E-01 , 
         0 ,    0.21500E+01 ,    0.48812E+00 ,    0.82700E-01 , 
         0 ,    0.22000E+01 ,    0.49129E+00 ,    0.83275E-01 , 
         0 ,    0.22500E+01 ,    0.49397E+00 ,    0.83822E-01 , 
         0 ,    0.23000E+01 ,    0.49616E+00 ,    0.84341E-01 , 
         0 ,    0.23500E+01 ,    0.49786E+00 ,    0.84834E-01 , 
         0 ,    0.24000E+01 ,    0.49907E+00 ,    0.85301E-01 , 
         0 ,    0.24500E+01 ,    0.49978E+00 ,    0.85743E-01 , 
         0 ,    0.25000E+01 ,    0.50000E+00 ,    0.86161E-01 , 
         0 ,    0.25500E+01 ,    0.49972E+00 ,    0.86556E-01 , 
         0 ,    0.26000E+01 ,    0.49895E+00 ,    0.86928E-01 , 
         0 ,    0.26500E+01 ,    0.49769E+00 ,    0.87278E-01 , 
         0 ,    0.27000E+01 ,    0.49594E+00 ,    0.87608E-01 , 
         0 ,    0.27500E+01 ,    0.49369E+00 ,    0.87917E-01 , 
         0 ,    0.28000E+01 ,    0.49096E+00 ,    0.88205E-01 , 
         0 ,    0.28500E+01 ,    0.48774E+00 ,    0.88475E-01 , 
         0 ,    0.29000E+01 ,    0.48403E+00 ,    0.88726E-01 , 
         0 ,    0.29500E+01 ,    0.47985E+00 ,    0.88958E-01 , 
         0 ,    0.30000E+01 ,    0.47520E+00 ,    0.89167E-01 , 
         0 ,    0.30500E+01 ,    0.47007E+00 ,    0.89362E-01 , 
         0 ,    0.31000E+01 ,    0.46448E+00 ,    0.89539E-01 , 
         0 ,    0.31500E+01 ,    0.45843E+00 ,    0.89691E-01 , 
         0 ,    0.32000E+01 ,    0.45193E+00 ,    0.89812E-01 , 
         0 ,    0.32500E+01 ,    0.44498E+00 ,    0.89914E-01 , 
         0 ,    0.33000E+01 ,    0.43759E+00 ,    0.89999E-01 , 
         0 ,    0.33500E+01 ,    0.42976E+00 ,    0.90068E-01 , 
         0 ,    0.34000E+01 ,    0.42151E+00 ,    0.90118E-01 , 
         0 ,    0.34500E+01 ,    0.41285E+00 ,    0.90129E-01 , 
         0 ,    0.35000E+01 ,    0.40378E+00 ,    0.90121E-01 , 
         0 ,    0.35500E+01 ,    0.39430E+00 ,    0.90067E-01 , 
         0 ,    0.36000E+01 ,    0.38444E+00 ,    0.89945E-01 , 
         0 ,    0.36500E+01 ,    0.37420E+00 ,    0.89815E-01 , 
         0 ,    0.37000E+01 ,    0.36358E+00 ,    0.89652E-01 , 
         0 ,    0.37500E+01 ,    0.35261E+00 ,    0.89450E-01 , 
         0 ,    0.38000E+01 ,    0.34129E+00 ,    0.89196E-01 , 
         0 ,    0.38500E+01 ,    0.32963E+00 ,    0.88899E-01 , 
         0 ,    0.39000E+01 ,    0.31764E+00 ,    0.88527E-01 , 
         0 ,    0.39500E+01 ,    0.30534E+00 ,    0.88150E-01 , 
         0 ,    0.40000E+01 ,    0.29274E+00 ,    0.87722E-01 , 
         0 ,    0.40500E+01 ,    0.27985E+00 ,    0.87192E-01 , 
         0 ,    0.41000E+01 ,    0.26668E+00 ,    0.86544E-01 , 
         0 ,    0.41500E+01 ,    0.25325E+00 ,    0.85864E-01 , 
         0 ,    0.42000E+01 ,    0.23957E+00 ,    0.85039E-01 , 
         0 ,    0.42500E+01 ,    0.22565E+00 ,    0.83961E-01 , 
         0 ,    0.43000E+01 ,    0.21150E+00 ,    0.82723E-01 , 
         0 ,    0.43500E+01 ,    0.19715E+00 ,    0.81357E-01 , 
         0 ,    0.44000E+01 ,    0.18261E+00 ,    0.79681E-01 , 
         0 ,    0.44500E+01 ,    0.16788E+00 ,    0.77849E-01 , 
         0 ,    0.45000E+01 ,    0.15299E+00 ,    0.75628E-01 , 
         0 ,    0.45500E+01 ,    0.13794E+00 ,    0.72747E-01 , 
         0 ,    0.46000E+01 ,    0.12276E+00 ,    0.69102E-01 , 
         0 ,    0.46500E+01 ,    0.10746E+00 ,    0.65281E-01 , 
         0 ,    0.47000E+01 ,    0.92048E-01 ,    0.61596E-01 , 
         0 ,    0.47500E+01 ,    0.76548E-01 ,    0.57917E-01 , 
         0 ,    0.48000E+01 ,    0.60972E-01 ,    0.54256E-01 , 
         0 ,    0.48500E+01 ,    0.45336E-01 ,    0.50644E-01 , 
         0 ,    0.49000E+01 ,    0.29655E-01 ,    0.47111E-01 , 
         0 ,    0.49500E+01 ,    0.13945E-01 ,    0.43688E-01 , 
         0 ,    0.50000E+01 ,   -0.17786E-02 ,    0.40435E-01 , 
         0 ,    0.50500E+01 ,   -0.17501E-01 ,    0.37031E-01 , 
         0 ,    0.51000E+01 ,   -0.33206E-01 ,    0.33298E-01 , 
         0 ,    0.51500E+01 ,   -0.48878E-01 ,    0.29245E-01 , 
         0 ,    0.52000E+01 ,   -0.64501E-01 ,    0.24850E-01 , 
         0 ,    0.52500E+01 ,   -0.80061E-01 ,    0.20104E-01 , 
         0 ,    0.53000E+01 ,   -0.95542E-01 ,    0.15005E-01 , 
         0 ,    0.53500E+01 ,   -0.11093E+00 ,    0.95528E-02 , 
         0 ,    0.54000E+01 ,   -0.12620E+00 ,    0.38976E-02 , 
         0 ,    0.54500E+01 ,   -0.14136E+00 ,   -0.12410E-02 , 
         0 ,    0.55000E+01 ,   -0.15637E+00 ,   -0.57802E-02 , 
         0 ,    0.55500E+01 ,   -0.17123E+00 ,   -0.10022E-01 , 
         0 ,    0.56000E+01 ,   -0.18591E+00 ,   -0.14164E-01 , 
         0 ,    0.56500E+01 ,   -0.20042E+00 ,   -0.18173E-01 , 
         0 ,    0.57000E+01 ,   -0.21472E+00 ,   -0.21892E-01 , 
         0 ,    0.57500E+01 ,   -0.22882E+00 ,   -0.25540E-01 , 
         0 ,    0.58000E+01 ,   -0.24268E+00 ,   -0.28897E-01 , 
         0 ,    0.58500E+01 ,   -0.25631E+00 ,   -0.32006E-01 , 
         0 ,    0.59000E+01 ,   -0.26968E+00 ,   -0.35077E-01 , 
         0 ,    0.59500E+01 ,   -0.28279E+00 ,   -0.38025E-01 , 
         0 ,    0.60000E+01 ,   -0.29562E+00 ,   -0.40761E-01 , 
         0 ,    0.60500E+01 ,   -0.30815E+00 ,   -0.43368E-01 , 
         0 ,    0.61000E+01 ,   -0.32038E+00 ,   -0.45926E-01 , 
         0 ,    0.61500E+01 ,   -0.33229E+00 ,   -0.48382E-01 , 
         0 ,    0.62000E+01 ,   -0.34388E+00 ,   -0.50661E-01 , 
         0 ,    0.62500E+01 ,   -0.35512E+00 ,   -0.52864E-01 , 
         0 ,    0.63000E+01 ,   -0.36601E+00 ,   -0.54943E-01 , 
         0 ,    0.63500E+01 ,   -0.37655E+00 ,   -0.56948E-01 , 
         0 ,    0.64000E+01 ,   -0.38670E+00 ,   -0.58853E-01 , 
         0 ,    0.64500E+01 ,   -0.39648E+00 ,   -0.60673E-01 , 
         0 ,    0.65000E+01 ,   -0.40586E+00 ,   -0.62352E-01 , 
         0 ,    0.65500E+01 ,   -0.41485E+00 ,   -0.63959E-01 , 
         0 ,    0.66000E+01 ,   -0.42342E+00 ,   -0.65497E-01 , 
         0 ,    0.66500E+01 ,   -0.43157E+00 ,   -0.66945E-01 , 
         0 ,    0.67000E+01 ,   -0.43930E+00 ,   -0.68339E-01 , 
         0 ,    0.67500E+01 ,   -0.44659E+00 ,   -0.69670E-01 , 
         0 ,    0.68000E+01 ,   -0.45344E+00 ,   -0.70935E-01 , 
         0 ,    0.68500E+01 ,   -0.45984E+00 ,   -0.72128E-01 , 
         0 ,    0.69000E+01 ,   -0.46579E+00 ,   -0.73255E-01 , 
         0 ,    0.69500E+01 ,   -0.47127E+00 ,   -0.74329E-01 , 
         0 ,    0.70000E+01 ,   -0.47629E+00 ,   -0.75355E-01 , 
         0 ,    0.70500E+01 ,   -0.48084E+00 ,   -0.76330E-01 , 
         0 ,    0.71000E+01 ,   -0.48491E+00 ,   -0.77254E-01 , 
         0 ,    0.71500E+01 ,   -0.48851E+00 ,   -0.78133E-01 , 
         0 ,    0.72000E+01 ,   -0.49162E+00 ,   -0.78969E-01 , 
         0 ,    0.72500E+01 ,   -0.49424E+00 ,   -0.79763E-01 , 
         0 ,    0.73000E+01 ,   -0.49638E+00 ,   -0.80517E-01 , 
         0 ,    0.73500E+01 ,   -0.49802E+00 ,   -0.81232E-01 , 
         0 ,    0.74000E+01 ,   -0.49917E+00 ,   -0.81910E-01 , 
         0 ,    0.74500E+01 ,   -0.49983E+00 ,   -0.82552E-01 , 
         0 ,    0.75000E+01 ,   -0.49999E+00 ,   -0.83160E-01 , 
         0 ,    0.75500E+01 ,   -0.49966E+00 ,   -0.83734E-01 , 
         0 ,    0.76000E+01 ,   -0.49884E+00 ,   -0.84277E-01 , 
         0 ,    0.76500E+01 ,   -0.49752E+00 ,   -0.84790E-01 , 
         0 ,    0.77000E+01 ,   -0.49571E+00 ,   -0.85272E-01 , 
         0 ,    0.77500E+01 ,   -0.49341E+00 ,   -0.85727E-01 , 
         0 ,    0.78000E+01 ,   -0.49062E+00 ,   -0.86153E-01 , 
         0 ,    0.78500E+01 ,   -0.48734E+00 ,   -0.86554E-01 , 
         0 ,    0.79000E+01 ,   -0.48359E+00 ,   -0.86928E-01 , 
         0 ,    0.79500E+01 ,   -0.47935E+00 ,   -0.87277E-01 , 
         0 ,    0.80000E+01 ,   -0.47464E+00 ,   -0.87597E-01 , 
         0 ,    0.80500E+01 ,   -0.46946E+00 ,   -0.87897E-01 , 
         0 ,    0.81000E+01 ,   -0.46382E+00 ,   -0.88173E-01 , 
         0 ,    0.81500E+01 ,   -0.45772E+00 ,   -0.88417E-01 , 
         0 ,    0.82000E+01 ,   -0.45116E+00 ,   -0.88623E-01 , 
         0 ,    0.82500E+01 ,   -0.44416E+00 ,   -0.88807E-01 , 
         0 ,    0.83000E+01 ,   -0.43672E+00 ,   -0.88970E-01 , 
         0 ,    0.83500E+01 ,   -0.42885E+00 ,   -0.89113E-01 , 
         0 ,    0.84000E+01 ,   -0.42056E+00 ,   -0.89229E-01 , 
         0 ,    0.84500E+01 ,   -0.41184E+00 ,   -0.89305E-01 , 
         0 ,    0.85000E+01 ,   -0.40272E+00 ,   -0.89356E-01 , 
         0 ,    0.85500E+01 ,   -0.39321E+00 ,   -0.89349E-01 , 
         0 ,    0.86000E+01 ,   -0.38330E+00 ,   -0.89280E-01 , 
         0 ,    0.86500E+01 ,   -0.37301E+00 ,   -0.89197E-01 , 
         0 ,    0.87000E+01 ,   -0.36236E+00 ,   -0.89081E-01 , 
         0 ,    0.87500E+01 ,   -0.35135E+00 ,   -0.88918E-01 , 
         0 ,    0.88000E+01 ,   -0.33998E+00 ,   -0.88703E-01 , 
         0 ,    0.88500E+01 ,   -0.32829E+00 ,   -0.88438E-01 , 
         0 ,    0.89000E+01 ,   -0.31627E+00 ,   -0.88104E-01 , 
         0 ,    0.89500E+01 ,   -0.30393E+00 ,   -0.87764E-01 , 
         0 ,    0.90000E+01 ,   -0.29130E+00 ,   -0.87359E-01 , 
         0 ,    0.90500E+01 ,   -0.27837E+00 ,   -0.86859E-01 , 
         0 ,    0.91000E+01 ,   -0.26517E+00 ,   -0.86235E-01 , 
         0 ,    0.91500E+01 ,   -0.25171E+00 ,   -0.85584E-01 , 
         0 ,    0.92000E+01 ,   -0.23800E+00 ,   -0.84748E-01 , 
         0 ,    0.92500E+01 ,   -0.22406E+00 ,   -0.83667E-01 , 
         0 ,    0.93000E+01 ,   -0.20989E+00 ,   -0.82427E-01 , 
         0 ,    0.93500E+01 ,   -0.19552E+00 ,   -0.81028E-01 , 
         0 ,    0.94000E+01 ,   -0.18095E+00 ,   -0.79297E-01 , 
         0 ,    0.94500E+01 ,   -0.16620E+00 ,   -0.77376E-01 , 
         0 ,    0.95000E+01 ,   -0.15129E+00 ,   -0.75039E-01 , 
         0 ,    0.95500E+01 ,   -0.13623E+00 ,   -0.72018E-01 , 
         0 ,    0.96000E+01 ,   -0.12103E+00 ,   -0.68265E-01 , 
         0 ,    0.96500E+01 ,   -0.10572E+00 ,   -0.64438E-01 , 
         0 ,    0.97000E+01 ,   -0.90299E-01 ,   -0.60734E-01 , 
         0 ,    0.97500E+01 ,   -0.74790E-01 ,   -0.57037E-01 , 
         0 ,    0.98000E+01 ,   -0.59206E-01 ,   -0.53364E-01 , 
         0 ,    0.98500E+01 ,   -0.43565E-01 ,   -0.49748E-01 , 
         0 ,    0.99000E+01 ,   -0.27880E-01 ,   -0.46219E-01 , 
         0 ,    0.99500E+01 ,   -0.12167E-01 ,   -0.42806E-01 , 
         0 ,    0.10000E+02 ,    0.35573E-02 ,   -0.39587E-01 , 
         0 ,    0.10050E+02 ,    0.19278E-01 ,   -0.36148E-01 , 
         0 ,    0.10100E+02 ,    0.34980E-01 ,   -0.32376E-01 , 
         0 ,    0.10150E+02 ,    0.50648E-01 ,   -0.28286E-01 , 
         0 ,    0.10200E+02 ,    0.66265E-01 ,   -0.23853E-01 , 
         0 ,    0.10250E+02 ,    0.81816E-01 ,   -0.19071E-01 , 
         0 ,    0.10300E+02 ,    0.97287E-01 ,   -0.13937E-01 , 
         0 ,    0.10350E+02 ,    0.11266E+00 ,   -0.84520E-02 , 
         0 ,    0.10400E+02 ,    0.12792E+00 ,   -0.28241E-02 , 
         0 ,    0.10450E+02 ,    0.14306E+00 ,    0.22078E-02 , 
         0 ,    0.10500E+02 ,    0.15806E+00 ,    0.66981E-02 , 
         0 ,    0.10550E+02 ,    0.17290E+00 ,    0.10872E-01 , 
         0 ,    0.10600E+02 ,    0.18756E+00 ,    0.14994E-01 , 
         0 ,    0.10650E+02 ,    0.20205E+00 ,    0.18927E-01 , 
         0 ,    0.10700E+02 ,    0.21633E+00 ,    0.22620E-01 , 
         0 ,    0.10750E+02 ,    0.23040E+00 ,    0.26212E-01 , 
         0 ,    0.10800E+02 ,    0.24424E+00 ,    0.29517E-01 , 
         0 ,    0.10850E+02 ,    0.25784E+00 ,    0.32568E-01 , 
         0 ,    0.10900E+02 ,    0.27118E+00 ,    0.35628E-01 , 
         0 ,    0.10950E+02 ,    0.28425E+00 ,    0.38503E-01 , 
         0 ,    0.11000E+02 ,    0.29705E+00 ,    0.41203E-01 , 
         0 ,    0.11050E+02 ,    0.30955E+00 ,    0.43771E-01 , 
         0 ,    0.11100E+02 ,    0.32174E+00 ,    0.46295E-01 , 
         0 ,    0.11150E+02 ,    0.33362E+00 ,    0.48702E-01 , 
         0 ,    0.11200E+02 ,    0.34517E+00 ,    0.50943E-01 , 
         0 ,    0.11250E+02 ,    0.35637E+00 ,    0.53105E-01 , 
         0 ,    0.11300E+02 ,    0.36722E+00 ,    0.55141E-01 , 
         0 ,    0.11350E+02 ,    0.37771E+00 ,    0.57110E-01 , 
         0 ,    0.11400E+02 ,    0.38783E+00 ,    0.58973E-01 , 
         0 ,    0.11450E+02 ,    0.39756E+00 ,    0.60745E-01 , 
         0 ,    0.11500E+02 ,    0.40690E+00 ,    0.62388E-01 , 
         0 ,    0.11550E+02 ,    0.41584E+00 ,    0.63957E-01 , 
         0 ,    0.11600E+02 ,    0.42436E+00 ,    0.65456E-01 , 
         0 ,    0.11650E+02 ,    0.43247E+00 ,    0.66871E-01 , 
         0 ,    0.11700E+02 ,    0.44014E+00 ,    0.68230E-01 , 
         0 ,    0.11750E+02 ,    0.44739E+00 ,    0.69526E-01 , 
         0 ,    0.11800E+02 ,    0.45418E+00 ,    0.70758E-01 , 
         0 ,    0.11850E+02 ,    0.46054E+00 ,    0.71916E-01 , 
         0 ,    0.11900E+02 ,    0.46643E+00 ,    0.73012E-01 , 
         0 ,    0.11950E+02 ,    0.47186E+00 ,    0.74057E-01 , 
         0 ,    0.12000E+02 ,    0.47683E+00 ,    0.75054E-01 , 
         0 ,    0.12050E+02 ,    0.48133E+00 ,    0.76000E-01 , 
         0 ,    0.12100E+02 ,    0.48534E+00 ,    0.76897E-01 , 
         0 ,    0.12150E+02 ,    0.48888E+00 ,    0.77751E-01 , 
         0 ,    0.12200E+02 ,    0.49194E+00 ,    0.78562E-01 , 
         0 ,    0.12250E+02 ,    0.49451E+00 ,    0.79332E-01 , 
         0 ,    0.12300E+02 ,    0.49659E+00 ,    0.80063E-01 , 
         0 ,    0.12350E+02 ,    0.49818E+00 ,    0.80756E-01 , 
         0 ,    0.12400E+02 ,    0.49927E+00 ,    0.81413E-01 , 
         0 ,    0.12450E+02 ,    0.49987E+00 ,    0.82035E-01 , 
         0 ,    0.12500E+02 ,    0.49998E+00 ,    0.82624E-01 , 
         0 ,    0.12550E+02 ,    0.49959E+00 ,    0.83181E-01 , 
         0 ,    0.12600E+02 ,    0.49871E+00 ,    0.83707E-01 , 
         0 ,    0.12650E+02 ,    0.49734E+00 ,    0.84204E-01 , 
         0 ,    0.12700E+02 ,    0.49547E+00 ,    0.84671E-01 , 
         0 ,    0.12750E+02 ,    0.49311E+00 ,    0.85111E-01 , 
         0 ,    0.12800E+02 ,    0.49027E+00 ,    0.85525E-01 , 
         0 ,    0.12850E+02 ,    0.48694E+00 ,    0.85913E-01 , 
         0 ,    0.12900E+02 ,    0.48313E+00 ,    0.86276E-01 , 
         0 ,    0.12950E+02 ,    0.47884E+00 ,    0.86614E-01 , 
         0 ,    0.13000E+02 ,    0.47408E+00 ,    0.86925E-01 , 
         0 ,    0.13050E+02 ,    0.46885E+00 ,    0.87215E-01 , 
         0 ,    0.13100E+02 ,    0.46315E+00 ,    0.87484E-01 , 
         0 ,    0.13150E+02 ,    0.45700E+00 ,    0.87719E-01 , 
         0 ,    0.13200E+02 ,    0.45039E+00 ,    0.87919E-01 , 
         0 ,    0.13250E+02 ,    0.44334E+00 ,    0.88100E-01 , 
         0 ,    0.13300E+02 ,    0.43585E+00 ,    0.88259E-01 , 
         0 ,    0.13350E+02 ,    0.42793E+00 ,    0.88398E-01 , 
         0 ,    0.13400E+02 ,    0.41959E+00 ,    0.88509E-01 , 
         0 ,    0.13450E+02 ,    0.41083E+00 ,    0.88583E-01 , 
         0 ,    0.13500E+02 ,    0.40167E+00 ,    0.88628E-01 , 
         0 ,    0.13550E+02 ,    0.39210E+00 ,    0.88617E-01 , 
         0 ,    0.13600E+02 ,    0.38215E+00 ,    0.88552E-01 , 
         0 ,    0.13650E+02 ,    0.37183E+00 ,    0.88465E-01 , 
         0 ,    0.13700E+02 ,    0.36113E+00 ,    0.88352E-01 , 
         0 ,    0.13750E+02 ,    0.35008E+00 ,    0.88181E-01 , 
         0 ,    0.13800E+02 ,    0.33868E+00 ,    0.87967E-01 , 
         0 ,    0.13850E+02 ,    0.32694E+00 ,    0.87693E-01 , 
         0 ,    0.13900E+02 ,    0.31489E+00 ,    0.87359E-01 , 
         0 ,    0.13950E+02 ,    0.30252E+00 ,    0.87017E-01 , 
         0 ,    0.14000E+02 ,    0.28985E+00 ,    0.86597E-01 , 
         0 ,    0.14050E+02 ,    0.27689E+00 ,    0.86086E-01 , 
         0 ,    0.14100E+02 ,    0.26367E+00 ,    0.85448E-01 , 
         0 ,    0.14150E+02 ,    0.25018E+00 ,    0.84801E-01 , 
         0 ,    0.14200E+02 ,    0.23644E+00 ,    0.83938E-01 , 
         0 ,    0.14250E+02 ,    0.22247E+00 ,    0.82832E-01 , 
         0 ,    0.14300E+02 ,    0.20828E+00 ,    0.81600E-01 , 
         0 ,    0.14350E+02 ,    0.19388E+00 ,    0.80205E-01 , 
         0 ,    0.14400E+02 ,    0.17929E+00 ,    0.78491E-01 , 
         0 ,    0.14450E+02 ,    0.16452E+00 ,    0.76599E-01 , 
         0 ,    0.14500E+02 ,    0.14959E+00 ,    0.74280E-01 , 
         0 ,    0.14550E+02 ,    0.13452E+00 ,    0.71252E-01 , 
         0 ,    0.14600E+02 ,    0.11931E+00 ,    0.67486E-01 , 
         0 ,    0.14650E+02 ,    0.10398E+00 ,    0.63717E-01 , 
         0 ,    0.14700E+02 ,    0.88549E-01 ,    0.60052E-01 , 
         0 ,    0.14750E+02 ,    0.73031E-01 ,    0.56390E-01 , 
         0 ,    0.14800E+02 ,    0.57440E-01 ,    0.52752E-01 , 
         0 ,    0.14850E+02 ,    0.41792E-01 ,    0.49172E-01 , 
         0 ,    0.14900E+02 ,    0.26104E-01 ,    0.45679E-01 , 
         0 ,    0.14950E+02 ,    0.10389E-01 ,    0.42303E-01 , 
         0 ,    0.15000E+02 ,   -0.53358E-02 ,    0.39124E-01 , 
         0 ,    0.15050E+02 ,   -0.21055E-01 ,    0.35667E-01 , 
         0 ,    0.15100E+02 ,   -0.36754E-01 ,    0.31877E-01 , 
         0 ,    0.15150E+02 ,   -0.52417E-01 ,    0.27764E-01 , 
         0 ,    0.15200E+02 ,   -0.68027E-01 ,    0.23306E-01 , 
         0 ,    0.15250E+02 ,   -0.83571E-01 ,    0.18497E-01 , 
         0 ,    0.15300E+02 ,   -0.99031E-01 ,    0.13334E-01 , 
         0 ,    0.15350E+02 ,   -0.11439E+00 ,    0.78218E-02 , 
         0 ,    0.15400E+02 ,   -0.12964E+00 ,    0.22416E-02 , 
         0 ,    0.15450E+02 ,   -0.14476E+00 ,   -0.27205E-02 , 
         0 ,    0.15500E+02 ,   -0.15974E+00 ,   -0.71557E-02 , 
         0 ,    0.15550E+02 ,   -0.17456E+00 ,   -0.11340E-01 , 
         0 ,    0.15600E+02 ,   -0.18921E+00 ,   -0.15470E-01 , 
         0 ,    0.15650E+02 ,   -0.20367E+00 ,   -0.19362E-01 , 
         0 ,    0.15700E+02 ,   -0.21793E+00 ,   -0.23066E-01 , 
         0 ,    0.15750E+02 ,   -0.23197E+00 ,   -0.26651E-01 , 
         0 ,    0.15800E+02 ,   -0.24579E+00 ,   -0.29932E-01 , 
         0 ,    0.15850E+02 ,   -0.25936E+00 ,   -0.32979E-01 , 
         0 ,    0.15900E+02 ,   -0.27267E+00 ,   -0.36048E-01 , 
         0 ,    0.15950E+02 ,   -0.28572E+00 ,   -0.38907E-01 , 
         0 ,    0.16000E+02 ,   -0.29848E+00 ,   -0.41613E-01 , 
         0 ,    0.16050E+02 ,   -0.31094E+00 ,   -0.44185E-01 , 
         0 ,    0.16100E+02 ,   -0.32310E+00 ,   -0.46717E-01 , 
         0 ,    0.16150E+02 ,   -0.33494E+00 ,   -0.49118E-01 , 
         0 ,    0.16200E+02 ,   -0.34645E+00 ,   -0.51371E-01 , 
         0 ,    0.16250E+02 ,   -0.35762E+00 ,   -0.53539E-01 , 
         0 ,    0.16300E+02 ,   -0.36843E+00 ,   -0.55581E-01 , 
         0 ,    0.16350E+02 ,   -0.37888E+00 ,   -0.57563E-01 , 
         0 ,    0.16400E+02 ,   -0.38895E+00 ,   -0.59436E-01 , 
         0 ,    0.16450E+02 ,   -0.39864E+00 ,   -0.61215E-01 , 
         0 ,    0.16500E+02 ,   -0.40793E+00 ,   -0.62871E-01 , 
         0 ,    0.16550E+02 ,   -0.41682E+00 ,   -0.64453E-01 , 
         0 ,    0.16600E+02 ,   -0.42530E+00 ,   -0.65963E-01 , 
         0 ,    0.16650E+02 ,   -0.43336E+00 ,   -0.67393E-01 , 
         0 ,    0.16700E+02 ,   -0.44098E+00 ,   -0.68766E-01 , 
         0 ,    0.16750E+02 ,   -0.44818E+00 ,   -0.70075E-01 , 
         0 ,    0.16800E+02 ,   -0.45493E+00 ,   -0.71321E-01 , 
         0 ,    0.16850E+02 ,   -0.46122E+00 ,   -0.72492E-01 , 
         0 ,    0.16900E+02 ,   -0.46707E+00 ,   -0.73600E-01 , 
         0 ,    0.16950E+02 ,   -0.47245E+00 ,   -0.74659E-01 , 
         0 ,    0.17000E+02 ,   -0.47736E+00 ,   -0.75669E-01 , 
         0 ,    0.17050E+02 ,   -0.48180E+00 ,   -0.76628E-01 , 
         0 ,    0.17100E+02 ,   -0.48577E+00 ,   -0.77537E-01 , 
         0 ,    0.17150E+02 ,   -0.48925E+00 ,   -0.78402E-01 , 
         0 ,    0.17200E+02 ,   -0.49225E+00 ,   -0.79225E-01 , 
         0 ,    0.17250E+02 ,   -0.49477E+00 ,   -0.80006E-01 , 
         0 ,    0.17300E+02 ,   -0.49679E+00 ,   -0.80748E-01 , 
         0 ,    0.17350E+02 ,   -0.49832E+00 ,   -0.81451E-01 , 
         0 ,    0.17400E+02 ,   -0.49936E+00 ,   -0.82118E-01 , 
         0 ,    0.17450E+02 ,   -0.49991E+00 ,   -0.82749E-01 , 
         0 ,    0.17500E+02 ,   -0.49996E+00 ,   -0.83347E-01 , 
         0 ,    0.17550E+02 ,   -0.49952E+00 ,   -0.83912E-01 , 
         0 ,    0.17600E+02 ,   -0.49858E+00 ,   -0.84445E-01 , 
         0 ,    0.17650E+02 ,   -0.49715E+00 ,   -0.84949E-01 , 
         0 ,    0.17700E+02 ,   -0.49523E+00 ,   -0.85423E-01 , 
         0 ,    0.17750E+02 ,   -0.49282E+00 ,   -0.85869E-01 , 
         0 ,    0.17800E+02 ,   -0.48992E+00 ,   -0.86287E-01 , 
         0 ,    0.17850E+02 ,   -0.48653E+00 ,   -0.86680E-01 , 
         0 ,    0.17900E+02 ,   -0.48267E+00 ,   -0.87047E-01 , 
         0 ,    0.17950E+02 ,   -0.47833E+00 ,   -0.87387E-01 , 
         0 ,    0.18000E+02 ,   -0.47351E+00 ,   -0.87701E-01 , 
         0 ,    0.18050E+02 ,   -0.46823E+00 ,   -0.87994E-01 , 
         0 ,    0.18100E+02 ,   -0.46248E+00 ,   -0.88263E-01 , 
         0 ,    0.18150E+02 ,   -0.45627E+00 ,   -0.88496E-01 , 
         0 ,    0.18200E+02 ,   -0.44962E+00 ,   -0.88695E-01 , 
         0 ,    0.18250E+02 ,   -0.44252E+00 ,   -0.88874E-01 , 
         0 ,    0.18300E+02 ,   -0.43498E+00 ,   -0.89031E-01 , 
         0 ,    0.18350E+02 ,   -0.42701E+00 ,   -0.89167E-01 , 
         0 ,    0.18400E+02 ,   -0.41862E+00 ,   -0.89272E-01 , 
         0 ,    0.18450E+02 ,   -0.40982E+00 ,   -0.89345E-01 , 
         0 ,    0.18500E+02 ,   -0.40061E+00 ,   -0.89380E-01 , 
         0 ,    0.18550E+02 ,   -0.39100E+00 ,   -0.89356E-01 , 
         0 ,    0.18600E+02 ,   -0.38101E+00 ,   -0.89286E-01 , 
         0 ,    0.18650E+02 ,   -0.37064E+00 ,   -0.89191E-01 , 
         0 ,    0.18700E+02 ,   -0.35990E+00 ,   -0.89072E-01 , 
         0 ,    0.18750E+02 ,   -0.34881E+00 ,   -0.88890E-01 , 
         0 ,    0.18800E+02 ,   -0.33737E+00 ,   -0.88667E-01 , 
         0 ,    0.18850E+02 ,   -0.32560E+00 ,   -0.88381E-01 , 
         0 ,    0.18900E+02 ,   -0.31350E+00 ,   -0.88045E-01 , 
         0 ,    0.18950E+02 ,   -0.30110E+00 ,   -0.87699E-01 , 
         0 ,    0.19000E+02 ,   -0.28840E+00 ,   -0.87264E-01 , 
         0 ,    0.19050E+02 ,   -0.27541E+00 ,   -0.86742E-01 , 
         0 ,    0.19100E+02 ,   -0.26215E+00 ,   -0.86101E-01 , 
         0 ,    0.19150E+02 ,   -0.24863E+00 ,   -0.85446E-01 , 
         0 ,    0.19200E+02 ,   -0.23487E+00 ,   -0.84543E-01 , 
         0 ,    0.19250E+02 ,   -0.22087E+00 ,   -0.83405E-01 , 
         0 ,    0.19300E+02 ,   -0.20666E+00 ,   -0.82141E-01 , 
         0 ,    0.19350E+02 ,   -0.19224E+00 ,   -0.80676E-01 , 
         0 ,    0.19400E+02 ,   -0.17763E+00 ,   -0.78905E-01 , 
         0 ,    0.19450E+02 ,   -0.16284E+00 ,   -0.76893E-01 , 
         0 ,    0.19500E+02 ,   -0.14790E+00 ,   -0.74422E-01 , 
         0 ,    0.19550E+02 ,   -0.13280E+00 ,   -0.71215E-01 , 
         0 ,    0.19600E+02 ,   -0.11758E+00 ,   -0.67400E-01 , 
         0 ,    0.19650E+02 ,   -0.10224E+00 ,   -0.63611E-01 , 
         0 ,    0.19700E+02 ,   -0.86798E-01 ,   -0.59908E-01 , 
         0 ,    0.19750E+02 ,   -0.71271E-01 ,   -0.56214E-01 , 
         0 ,    0.19800E+02 ,   -0.55673E-01 ,   -0.52551E-01 , 
         0 ,    0.19850E+02 ,   -0.40020E-01 ,   -0.48952E-01 , 
         0 ,    0.19900E+02 ,   -0.24327E-01 ,   -0.45446E-01 , 
         0 ,    0.19950E+02 ,   -0.86107E-02 ,   -0.42063E-01 , 
         0 ,    0.20000E+02 ,    0.71143E-02 ,   -0.38871E-01 , 
